-- phpMyAdmin SQL Dump
-- version 5.2.1
-- https://www.phpmyadmin.net/
--
-- Host: 127.0.0.1
-- Generation Time: Nov 29, 2024 at 07:21 PM
-- Server version: 10.4.32-MariaDB
-- PHP Version: 8.0.30

SET SQL_MODE = "NO_AUTO_VALUE_ON_ZERO";
START TRANSACTION;
SET time_zone = "+00:00";


/*!40101 SET @OLD_CHARACTER_SET_CLIENT=@@CHARACTER_SET_CLIENT */;
/*!40101 SET @OLD_CHARACTER_SET_RESULTS=@@CHARACTER_SET_RESULTS */;
/*!40101 SET @OLD_COLLATION_CONNECTION=@@COLLATION_CONNECTION */;
/*!40101 SET NAMES utf8mb4 */;

--
-- Database: `kayandb`
--

-- --------------------------------------------------------

--
-- Table structure for table `admin`
--

CREATE TABLE `admin` (
  `admin_id` int(11) NOT NULL,
  `username` varchar(255) NOT NULL,
  `password` varchar(255) NOT NULL
) ENGINE=InnoDB DEFAULT CHARSET=utf8mb4 COLLATE=utf8mb4_general_ci;

--
-- Dumping data for table `admin`
--

INSERT INTO `admin` (`admin_id`, `username`, `password`) VALUES
(11, 'Shahd_Admin', '$2b$10$3VkfmoWTWUO2vcYinD/lGOWgL.kc2Ey3nB.3FYDLmb2k69ILX05f2'),
(12, 'AhmedAmr_Admin', '$2b$10$KrC/.9wZ0FtRVRjg4Q78CO0lOic7Y9.Faq30n6x/UtOJyfDDQN6mG');

-- --------------------------------------------------------

--
-- Table structure for table `brand`
--

CREATE TABLE `brand` (
  `brand_id` int(11) NOT NULL,
  `brand_name` varchar(255) NOT NULL,
  `brand_country` varchar(255) NOT NULL,
  `brand_logo` varchar(255) NOT NULL,
  `language` enum('en','ar') NOT NULL
) ENGINE=InnoDB DEFAULT CHARSET=utf8mb4 COLLATE=utf8mb4_general_ci;

--
-- Dumping data for table `brand`
--

INSERT INTO `brand` (`brand_id`, `brand_name`, `brand_country`, `brand_logo`, `language`) VALUES
(1, 'Burger', 'Oman', '/uploads/brands/1732041712042-Android Emulator - Pixel_8_Pro_API_35_5554 8_25_2024 9_06_23 PM.png', 'en'),
(2, 'Giffe cusine Gieffe', 'Oman', '/uploads/brands/1732043444277-Dina Farms OD - Google Docs - Google Chrome 11_16_2024 1_54_38 PM.png', 'en'),
(3, 'Elba', 'Oman', '/uploads/brands/1732043480229-IDEA_ Innovation Domestic Entrepreneur Agency - Google Chrome 9_3_2024 8_47_21 PM.png', 'en'),
(4, 'Elica', 'Oman', '/uploads/brands/1732043519110-Products - Google Chrome 11_16_2024 2_00_22 PM.png', 'en'),
(5, 'Lieheir', 'Oman', '/uploads/brands/1732043565190-_Wi-Fi 10_20_2024 6_50_48 PM.png', 'en'),
(6, 'Fresh', 'Oman', '/uploads/brands/1732043583718-_Wi-Fi 10_27_2024 6_56_10 PM.png', 'en'),
(7, 'LDYLUIM', 'Oman', '/uploads/brands/1732043613837-Marketing in dynamic Envirnment 2023 - Dina Farms - Final Version - (I) Marketing In a Dynamic - Studocu - Google Chrome 11_17_2024 3_36_36 PM.png', 'en'),
(8, 'fkjsdvn', 'Oman', '/uploads/brands/1732903630908-404 Not Found - Google Chrome 11_17_2024 5_22_34 PM.png', 'ar'),
(9, 'Kumtel', 'Oman', '/uploads/brands/1732043748634-IDEA_ Innovation Domestic Entrepreneur Agency - Google Chrome 9_3_2024 8_49_08 PM.png', 'en');

-- --------------------------------------------------------

--
-- Table structure for table `category`
--

CREATE TABLE `category` (
  `category_id` int(11) NOT NULL,
  `category_name` varchar(255) NOT NULL,
  `language` enum('en','ar') NOT NULL
) ENGINE=InnoDB DEFAULT CHARSET=utf8mb4 COLLATE=utf8mb4_general_ci;

--
-- Dumping data for table `category`
--

INSERT INTO `category` (`category_id`, `category_name`, `language`) VALUES
(1, 'Furniture', 'en'),
(2, 'Wardrobe', 'en'),
(3, 'Home appliances', 'en'),
(4, 'Bathroom units', 'en'),
(5, 'Sinks & MiXers', 'en'),
(6, 'Tubes', 'en');

-- --------------------------------------------------------

--
-- Table structure for table `contact`
--

CREATE TABLE `contact` (
  `contact_id` int(11) NOT NULL,
  `client_name` varchar(255) NOT NULL,
  `client_email` varchar(255) NOT NULL,
  `message` varchar(300) NOT NULL
) ENGINE=InnoDB DEFAULT CHARSET=utf8mb4 COLLATE=utf8mb4_general_ci;

-- --------------------------------------------------------

--
-- Table structure for table `product`
--

CREATE TABLE `product` (
  `product_id` int(11) NOT NULL,
  `product_name` varchar(255) NOT NULL,
  `product_description` varchar(255) NOT NULL,
  `product_sale` decimal(5,2) NOT NULL,
  `stock_quantity` int(11) NOT NULL,
  `language` enum('en','ar') NOT NULL,
  `admin_id` int(11) NOT NULL,
  `sub_category_id` int(11) NOT NULL,
  `brand_id` int(11) NOT NULL
) ENGINE=InnoDB DEFAULT CHARSET=utf8mb4 COLLATE=utf8mb4_general_ci;

--
-- Dumping data for table `product`
--

INSERT INTO `product` (`product_id`, `product_name`, `product_description`, `product_sale`, `stock_quantity`, `language`, `admin_id`, `sub_category_id`, `brand_id`) VALUES
(11, 'Wireless Headphones', 'High-quality wireless headphones with noise cancellation.	', 58.00, 50, 'en', 12, 8, 1),
(12, 'Wireless Headphones', 'High-quality wireless headphones with noise cancellation.', 23.00, 132, 'en', 12, 4, 2);

-- --------------------------------------------------------

--
-- Table structure for table `product_image`
--

CREATE TABLE `product_image` (
  `image_id` int(11) NOT NULL,
  `image` varchar(255) NOT NULL,
  `product_id` int(11) NOT NULL
) ENGINE=InnoDB DEFAULT CHARSET=utf8mb4 COLLATE=utf8mb4_general_ci;

--
-- Dumping data for table `product_image`
--

INSERT INTO `product_image` (`image_id`, `image`, `product_id`) VALUES
(10, '1732903870374-chapter one OD (1).pdf - Personal - Microsoft​ Edge 11_15_2024 6_51_50 PM.png', 11),
(11, '1732899095419-404 Not Found - Google Chrome 11_17_2024 5_22_34 PM.png', 12);

-- --------------------------------------------------------

--
-- Table structure for table `sub_category`
--

CREATE TABLE `sub_category` (
  `sub_category_id` int(11) NOT NULL,
  `sub_category_name` varchar(255) NOT NULL,
  `language` enum('en','ar') NOT NULL,
  `category_id` int(11) NOT NULL
) ENGINE=InnoDB DEFAULT CHARSET=utf8mb4 COLLATE=utf8mb4_general_ci;

--
-- Dumping data for table `sub_category`
--

INSERT INTO `sub_category` (`sub_category_id`, `sub_category_name`, `language`, `category_id`) VALUES
(1, 'Dining rooms', 'en', 1),
(2, 'Bed rooms', 'en', 1),
(3, 'Guest rooms', 'en', 1),
(4, 'Living rooms', 'en', 1),
(5, 'Kids rooms', 'en', 1),
(6, 'Decorative', 'en', 2),
(7, 'Cupboard', 'en', 2),
(8, 'Open shelves', 'en', 2),
(9, 'Hobs', 'en', 3),
(10, 'Dishwashers', 'en', 3),
(11, 'Cooker hood', 'en', 3),
(12, 'Ovens', 'en', 3),
(13, 'Washing machines', 'en', 3),
(14, 'Refrigerators', 'en', 3),
(15, 'Coffee machines', 'en', 3),
(16, 'Microwaves', 'en', 3);

--
-- Indexes for dumped tables
--

--
-- Indexes for table `admin`
--
ALTER TABLE `admin`
  ADD PRIMARY KEY (`admin_id`),
  ADD UNIQUE KEY `username` (`username`);

--
-- Indexes for table `brand`
--
ALTER TABLE `brand`
  ADD PRIMARY KEY (`brand_id`);

--
-- Indexes for table `category`
--
ALTER TABLE `category`
  ADD PRIMARY KEY (`category_id`);

--
-- Indexes for table `contact`
--
ALTER TABLE `contact`
  ADD PRIMARY KEY (`contact_id`);

--
-- Indexes for table `product`
--
ALTER TABLE `product`
  ADD PRIMARY KEY (`product_id`),
  ADD KEY `admin_product_fk` (`admin_id`),
  ADD KEY `subcategory_product_fk` (`sub_category_id`),
  ADD KEY `brand_product_fk` (`brand_id`);

--
-- Indexes for table `product_image`
--
ALTER TABLE `product_image`
  ADD PRIMARY KEY (`image_id`),
  ADD KEY `product_image_fk` (`product_id`);

--
-- Indexes for table `sub_category`
--
ALTER TABLE `sub_category`
  ADD PRIMARY KEY (`sub_category_id`),
  ADD KEY `category_subcategory_fk` (`category_id`);

--
-- AUTO_INCREMENT for dumped tables
--

--
-- AUTO_INCREMENT for table `admin`
--
ALTER TABLE `admin`
  MODIFY `admin_id` int(11) NOT NULL AUTO_INCREMENT, AUTO_INCREMENT=15;

--
-- AUTO_INCREMENT for table `brand`
--
ALTER TABLE `brand`
  MODIFY `brand_id` int(11) NOT NULL AUTO_INCREMENT, AUTO_INCREMENT=26;

--
-- AUTO_INCREMENT for table `category`
--
ALTER TABLE `category`
  MODIFY `category_id` int(11) NOT NULL AUTO_INCREMENT, AUTO_INCREMENT=16;

--
-- AUTO_INCREMENT for table `contact`
--
ALTER TABLE `contact`
  MODIFY `contact_id` int(11) NOT NULL AUTO_INCREMENT;

--
-- AUTO_INCREMENT for table `product`
--
ALTER TABLE `product`
  MODIFY `product_id` int(11) NOT NULL AUTO_INCREMENT, AUTO_INCREMENT=14;

--
-- AUTO_INCREMENT for table `product_image`
--
ALTER TABLE `product_image`
  MODIFY `image_id` int(11) NOT NULL AUTO_INCREMENT, AUTO_INCREMENT=13;

--
-- AUTO_INCREMENT for table `sub_category`
--
ALTER TABLE `sub_category`
  MODIFY `sub_category_id` int(11) NOT NULL AUTO_INCREMENT, AUTO_INCREMENT=25;

--
-- Constraints for dumped tables
--

--
-- Constraints for table `product`
--
ALTER TABLE `product`
  ADD CONSTRAINT `admin_product_fk` FOREIGN KEY (`admin_id`) REFERENCES `admin` (`admin_id`),
  ADD CONSTRAINT `brand_product_fk` FOREIGN KEY (`brand_id`) REFERENCES `brand` (`brand_id`),
  ADD CONSTRAINT `subcategory_product_fk` FOREIGN KEY (`sub_category_id`) REFERENCES `sub_category` (`sub_category_id`);

--
-- Constraints for table `product_image`
--
ALTER TABLE `product_image`
  ADD CONSTRAINT `product_image_fk` FOREIGN KEY (`product_id`) REFERENCES `product` (`product_id`);

--
-- Constraints for table `sub_category`
--
ALTER TABLE `sub_category`
  ADD CONSTRAINT `category_subcategory_fk` FOREIGN KEY (`category_id`) REFERENCES `category` (`category_id`);
COMMIT;

/*!40101 SET CHARACTER_SET_CLIENT=@OLD_CHARACTER_SET_CLIENT */;
/*!40101 SET CHARACTER_SET_RESULTS=@OLD_CHARACTER_SET_RESULTS */;
/*!40101 SET COLLATION_CONNECTION=@OLD_COLLATION_CONNECTION */;
